{"cameraMode":{"drawMode":0,"name":"Shaded","section":"Shading Mode"},"sceneLighting":true,"audioPlay":false,"sceneViewState":{"showFog":true,"showMaterialUpdate":false,"showSkybox":true,"showFlares":true,"showImageEffects":false,"showParticleSystems":false},"in2DMode":false,"pivot":{"x":-8.536277770996094,"y":0.7995456457138062,"z":89.7374038696289},"rotation":{"x":0.0464923270046711,"y":0.006303352769464254,"z":-0.00029336256557144225,"w":0.9988987445831299},"size":5.024387359619141,"orthographic":false}