{"cameraMode":{"drawMode":0,"name":"Shaded","section":"Shading Mode"},"sceneLighting":true,"audioPlay":false,"sceneViewState":{"showFog":true,"showMaterialUpdate":false,"showSkybox":true,"showFlares":true,"showImageEffects":false,"showParticleSystems":false},"in2DMode":false,"pivot":{"x":0.21897125244140626,"y":2.085413694381714,"z":94.51182556152344},"rotation":{"x":-0.03468687832355499,"y":0.0814574584364891,"z":-0.002836179453879595,"w":-0.9960718154907227},"size":23.173133850097658,"orthographic":false}