{"cameraMode":{"drawMode":0,"name":"Shaded","section":"Shading Mode"},"sceneLighting":true,"audioPlay":false,"sceneViewState":{"showFog":true,"showMaterialUpdate":false,"showSkybox":true,"showFlares":true,"showImageEffects":false,"showParticleSystems":false},"in2DMode":false,"pivot":{"x":-0.10586421191692352,"y":-0.4262484014034271,"z":89.51664733886719},"rotation":{"x":0.0464923270046711,"y":0.006303352769464254,"z":-0.00029336256557144225,"w":0.9988987445831299},"size":11.871234893798829,"orthographic":false}