{"cameraMode":{"drawMode":0,"name":"Shaded","section":"Shading Mode"},"sceneLighting":true,"audioPlay":false,"sceneViewState":{"showFog":true,"showMaterialUpdate":false,"showSkybox":true,"showFlares":true,"showImageEffects":false,"showParticleSystems":false},"in2DMode":false,"pivot":{"x":17.243940353393556,"y":3.324310779571533,"z":-3.5254039764404299},"rotation":{"x":-0.007106549572199583,"y":0.9854472875595093,"z":-0.16440434753894807,"w":-0.04259701073169708},"size":21.895980834960939,"orthographic":false}