{"cameraMode":{"drawMode":0,"name":"Shaded","section":"Shading Mode"},"sceneLighting":true,"audioPlay":false,"sceneViewState":{"showFog":true,"showMaterialUpdate":false,"showSkybox":true,"showFlares":true,"showImageEffects":false,"showParticleSystems":false},"in2DMode":false,"pivot":{"x":-0.30289262533187868,"y":2.3599889278411867,"z":94.17120361328125},"rotation":{"x":-0.009309033863246441,"y":0.009596570394933224,"z":-0.00008886738942237571,"w":-0.9999135732650757},"size":14.943455696105957,"orthographic":false}